{
  "h_1": {
    "irf": -0.884580723209171,
    "ci_lower": -2.710309006034913,
    "ci_upper": 0.01621356703618597
  },
  "h_2": {
    "irf": -0.08903554952063955,
    "ci_lower": -0.8685945864895105,
    "ci_upper": 0.8678914403729898
  },
  "h_3": {
    "irf": 1.5391209300298725,
    "ci_lower": -0.38929773017099456,
    "ci_upper": 4.404741975702106
  },
  "h_4": {
    "irf": 0.1493719570762542,
    "ci_lower": -0.7754237343262321,
    "ci_upper": 1.5626743635688023
  },
  "h_5": {
    "irf": 0.14682422510266416,
    "ci_lower": -0.6326029812226297,
    "ci_upper": 1.0840422590538912
  },
  "h_6": {
    "irf": 0.4446935537507438,
    "ci_lower": -0.5802343919110318,
    "ci_upper": 1.3287038375971445
  },
  "h_7": {
    "irf": 0.1702944032430668,
    "ci_lower": -0.9996559092232331,
    "ci_upper": 1.8444888606884178
  },
  "h_8": {
    "irf": 0.563312117119071,
    "ci_lower": -0.8715903622221965,
    "ci_upper": 2.33873859939566
  },
  "h_9": {
    "irf": 0.46223207738364164,
    "ci_lower": -0.4724402970959167,
    "ci_upper": 1.5563459094548393
  },
  "h_10": {
    "irf": -2.3920307505226717,
    "ci_lower": -5.095796669379497,
    "ci_upper": 0.7759024309820396
  },
  "h_11": {
    "irf": 1.5559579215612596,
    "ci_lower": -0.3864058710956459,
    "ci_upper": 4.58728784679851
  },
  "h_12": {
    "irf": -0.13738260588233506,
    "ci_lower": -0.8417547944583036,
    "ci_upper": 0.9449607971170033
  }
}