{
  "max_response": 9.194709013764284,
  "horizon_max_response": 0,
  "persistence": 17.57431746455885,
  "irf_values": {
    "h_0": 9.194709013764284,
    "h_1": 3.4518369780639793,
    "h_2": 2.7367573672369425,
    "h_3": 1.6216275588294005,
    "h_4": 0.18248568081612745,
    "h_5": 0.2856400566034619,
    "h_6": 0.07005110288128828,
    "h_7": 0.00886853133841595,
    "h_8": 0.014958000851116492,
    "h_9": 0.005871507135966343,
    "h_10": 1.4029983676718706e-05,
    "h_11": 0.0010451632330296362,
    "h_12": 0.0004524738211595332
  }
}