{
  "h_1": {
    "irf": -0.884580723209171,
    "ci_lower": -2.6698361856920703,
    "ci_upper": 0.12759541066807614
  },
  "h_2": {
    "irf": -0.08903554952063955,
    "ci_lower": -0.9293824725515109,
    "ci_upper": 0.8252838041956241
  },
  "h_3": {
    "irf": 1.5391209300298725,
    "ci_lower": -0.3260034044414915,
    "ci_upper": 4.356728595492963
  },
  "h_4": {
    "irf": 0.1493719570762542,
    "ci_lower": -0.8281139214694978,
    "ci_upper": 1.4925327158964548
  },
  "h_5": {
    "irf": 0.14682422510266416,
    "ci_lower": -0.6160093932810311,
    "ci_upper": 1.0601204085191054
  },
  "h_6": {
    "irf": 0.4446935537507438,
    "ci_lower": -0.5017270354351605,
    "ci_upper": 1.3914625980624995
  },
  "h_7": {
    "irf": 0.1702944032430668,
    "ci_lower": -1.0135016223425004,
    "ci_upper": 1.600915282334471
  },
  "h_8": {
    "irf": 0.563312117119071,
    "ci_lower": -0.9055853656072994,
    "ci_upper": 2.0270020518644847
  },
  "h_9": {
    "irf": 0.46223207738364164,
    "ci_lower": -0.49966270383943406,
    "ci_upper": 1.7858930097719827
  },
  "h_10": {
    "irf": -2.3920307505226717,
    "ci_lower": -5.077163425642225,
    "ci_upper": 0.8397103435152511
  },
  "h_11": {
    "irf": 1.5559579215612596,
    "ci_lower": -0.36614349825630366,
    "ci_upper": 4.457233129999009
  },
  "h_12": {
    "irf": -0.13738260588233506,
    "ci_lower": -0.8526027283836113,
    "ci_upper": 0.9466692791554762
  }
}