{
  "max_response": 0.5082340838973911,
  "horizon_max_response": 0,
  "persistence": 0.9714137906214512,
  "irf_values": {
    "h_0": 0.5082340838973911,
    "h_1": 0.19079899121149718,
    "h_2": 0.15127323456402328,
    "h_3": 0.08963485364796903,
    "h_4": 0.01008682739988164,
    "h_5": 0.01578864673965647,
    "h_6": 0.0038720483753838728,
    "h_7": 0.0004902047355221157,
    "h_8": 0.0008267978734425752,
    "h_9": 0.00032454534949150814,
    "h_10": 7.755020730246345e-07,
    "h_11": 5.7771004766640925e-05,
    "h_12": 2.5010320352750504e-05
  }
}