{
  "h_1": {
    "irf": -0.884580723209171,
    "ci_lower": -2.836697329882269,
    "ci_upper": 0.010188847178021466
  },
  "h_2": {
    "irf": -0.08903554952063955,
    "ci_lower": -0.9726973115607002,
    "ci_upper": 0.8099749951011708
  },
  "h_3": {
    "irf": 1.5391209300298725,
    "ci_lower": -0.396120005027402,
    "ci_upper": 4.319317757729794
  },
  "h_4": {
    "irf": 0.1493719570762542,
    "ci_lower": -0.9042079546754782,
    "ci_upper": 1.6130602167257688
  },
  "h_5": {
    "irf": 0.14682422510266416,
    "ci_lower": -0.7200327040363099,
    "ci_upper": 1.0647260306873607
  },
  "h_6": {
    "irf": 0.4446935537507438,
    "ci_lower": -0.5795849420564539,
    "ci_upper": 1.3304587215059043
  },
  "h_7": {
    "irf": 0.1702944032430668,
    "ci_lower": -0.9895305466699186,
    "ci_upper": 2.0530576248529826
  },
  "h_8": {
    "irf": 0.563312117119071,
    "ci_lower": -0.7625249246465265,
    "ci_upper": 2.131965478478565
  },
  "h_9": {
    "irf": 0.46223207738364164,
    "ci_lower": -0.4788731854709743,
    "ci_upper": 1.6167241149714844
  },
  "h_10": {
    "irf": -2.3920307505226717,
    "ci_lower": -5.189761903195831,
    "ci_upper": 0.7856330731613641
  },
  "h_11": {
    "irf": 1.5559579215612596,
    "ci_lower": -0.4567481810754823,
    "ci_upper": 4.430540331876908
  },
  "h_12": {
    "irf": -0.13738260588233506,
    "ci_lower": -0.8377478165206382,
    "ci_upper": 1.0530475186431323
  }
}